class_name,precision,recall,f1_score,support
backdoor,1.0,0.9997327632282202,0.9998663637578511,3742.0
ransomware,0.9989823609226595,0.999321343739396,0.9991518235793045,2947.0
normal,0.9989299726548567,0.9992863939105614,0.9991081514953326,8408.0
password,0.9964646464646465,0.9934541792547835,0.9949571356530509,3972.0
scanning,0.9907776669990029,0.99375,0.992261607588617,4000.0
dos,0.9897610921501706,0.9923664122137404,0.991062039957939,3799.0
ddos,0.9929488793754722,0.9859964991247812,0.9894604767879548,3999.0
injection,0.9830379746835443,0.9724517906336089,0.9777162281253934,3993.0
xss,0.9633711507293355,0.9818301949124546,0.9725130890052356,3027.0
